{
  "manifest": {
    "publishingInformation": {
      "locales": {
        "en-US": {
          "summary": "For psm",
          "examplePhrases": [
            "Alexa, open drive thru assistant"
          ],
          "keywords": [
            "assistant"
          ],
          "name": "Drive Thru 1",
          "description": "Drive thru assistant using Natural language processing for final year project",
          "smallIconUri": "file://assets/images/en-US_smallIconUri.png",
          "updatesDescription": "Customers able to communicate with alexa and order their food",
          "largeIconUri": "file://assets/images/en-US_largeIconUri.png"
        }
      },
      "automaticDistribution": {
        "isActive": false
      },
      "isAvailableWorldwide": true,
      "testingInstructions": "Sample Testing Instructions.",
      "category": "RESTAURANT_BOOKING_INFO_AND_REVIEW",
      "distributionCountries": []
    },
    "apis": {
      "custom": {
        "endpoint": {
          "uri": "arn:aws:lambda:us-east-1:822586239885:function:8c321482-113a-46f6-9049-9eb8d9200351:Release_0"
        },
        "interfaces": [],
        "regions": {
          "EU": {
            "endpoint": {
              "uri": "arn:aws:lambda:eu-west-1:822586239885:function:8c321482-113a-46f6-9049-9eb8d9200351:Release_0"
            }
          },
          "NA": {
            "endpoint": {
              "uri": "arn:aws:lambda:us-east-1:822586239885:function:8c321482-113a-46f6-9049-9eb8d9200351:Release_0"
            }
          },
          "FE": {
            "endpoint": {
              "uri": "arn:aws:lambda:us-west-2:822586239885:function:8c321482-113a-46f6-9049-9eb8d9200351:Release_0"
            }
          }
        }
      }
    },
    "manifestVersion": "1.0",
    "privacyAndCompliance": {
      "allowsPurchases": false,
      "locales": {
        "en-US": {}
      },
      "containsAds": false,
      "isExportCompliant": true,
      "isChildDirected": false,
      "usesPersonalInfo": false
    }
  }
}